Pmax,T,X
change,54.4004377391852,792.988305928182
1600,39.8681897368614,609.024310075469
1400,43.5308186831774,654.702024697416
1200,49.2938292320343,725.271979572407
1000,60.9417414602159,869.982341209176
800,88.2765147036189,1197.73934478295