id,similarity_data
24568,0.0
31685,0.0
38936,0.8524896116634163
57124,0.0
69153,0.7501385644789749
70715,0.8440403071155022
71209,0.0
87597,0.0
121590,0.0
127451,0.0
171994,0.0
174822,0.8114930146878195
232564,0.0
233066,0.752524565587998
253142,0.0
294923,0.8464553983564473
307461,0.0
583959,0.8808857027658666
667794,0.0
806247,0.8792019685926845
816387,0.0
864209,0.0
