id,similarity_data
24568,0.0
31685,0.8424030225260699
38936,0.8677700102351094
57124,0.829375121026078
69153,0.8544636041503619
70715,0.7941104830396668
71209,0.8137163902787995
87597,0.0
121590,0.796084218774399
127451,0.8780576133337492
171994,0.0
174822,0.7375812430968246
232564,0.0
233066,0.0
253142,0.7791319614974708
294923,0.8230826251063158
307461,0.8476805808682439
583959,0.8699088204373947
667794,0.8808229803269602
806247,0.0
816387,0.0
864209,0.0
