id,similarity_data
24568,0.0
31685,0.0
38936,0.8297707970680701
57124,0.0
69153,0.7884161336309194
70715,0.8418290509090233
71209,0.0
87597,0.0
121590,0.0
127451,0.0
171994,0.0
174822,0.7791140453885583
232564,0.0
233066,0.7743436768502912
253142,0.0
294923,0.9058389488639049
307461,0.0
583959,0.9103727651981711
667794,0.0
806247,0.9093744866677508
816387,0.0
864209,0.0
