id,similarity_data
24568,0.0
31685,0.0
38936,0.8615462255211329
57124,0.0
69153,0.8423250024762458
70715,0.7978097727806892
71209,0.0
87597,0.0
121590,0.0
127451,0.0
171994,0.0
174822,0.8177330943795825
232564,0.0
233066,0.0
253142,0.0
294923,0.890431757562699
307461,0.0
583959,0.9004261974275953
667794,0.0
806247,0.0
816387,0.0
864209,0.0
