id,similarity_data
31685,0.0
38936,0.8531635549547125
69153,0.7099462838483276
87597,0.0
89021,0.0
127451,0.0
171994,0.0
200791,0.0
330575,0.8562609066502388
403184,0.0
517796,0.0
541125,0.0
543055,0.8976863606472983
560208,0.9026532398322337
767129,0.0
785611,0.0
816387,0.0
864209,0.0
898828,0.0
921359,0.0
