id,similarity_data
31685,0.7957342671128472
38936,0.8409370363307783
69153,0.7865475009565492
87597,0.0
89021,0.8747439510465141
127451,0.8753020396825086
171994,0.0
200791,0.8726857841268205
330575,0.0
403184,0.0
517796,0.8564617057184525
541125,0.8557786363361386
543055,0.7620200153017932
560208,0.813707181146151
767129,0.0
785611,0.8681152313062486
816387,0.0
864209,0.0
898828,0.8917572278008661
921359,0.8851660408391504
