id,similarity_data
31685,0.0
38936,0.8661272489414802
69153,0.8482011544758948
87597,0.0
89021,0.0
127451,0.0
171994,0.0
200791,0.0
330575,0.0
403184,0.0
517796,0.9999999999999998
541125,0.8997893220956459
543055,0.8344801314813434
560208,0.8655425144019235
767129,0.0
785611,0.0
816387,0.0
864209,0.0
898828,0.9568516262954924
921359,0.0
