,Pop/rock,R&B;,Jazz
average,0.900665084,0.811286485,0.767206568
max,1,1,1
min,0.791027009,0.627183514,0.530671168
